{
  "1": {"diameter": 102.099, "min_x": -37.9343, "min_y": -38.7996, "min_z": -45.8845, "size_x": 75.8686, "size_y": 77.5992, "size_z": 91.769},
  "5": {"diameter": 201.404, "min_x": -50.3958, "min_y": -90.8979, "min_z": -96.867, "size_x": 100.792, "size_y": 181.796, "size_z": 193.734},
  "6": {"diameter": 154.546, "min_x": -33.5054, "min_y": -63.8165, "min_z": -58.7283, "size_x": 67.0107, "size_y": 127.633, "size_z": 117.457},
  "8": {"diameter": 261.472, "min_x": -114.738, "min_y": -37.7357, "min_z": -104.001, "size_x": 229.476, "size_y": 75.4714, "size_z": 208.002},
  "9": {"diameter": 108.999, "min_x": -52.2146, "min_y": -38.7038, "min_z": -42.8485, "size_x": 104.429, "size_y": 77.4076, "size_z": 85.697},
  "10": {"diameter": 164.628, "min_x": -75.0923, "min_y": -53.5375, "min_z": -34.6207, "size_x": 150.185, "size_y": 107.075, "size_z": 69.2414, "symmetries_discrete": [[-0.999964, -0.00333777, -0.0077452, 0.232611, 0.00321462, -0.999869, 0.0158593, 0.694388, -0.00779712, 0.0158338, 0.999844, -0.0792063, 0, 0, 0, 1]]},
  "11": {"diameter": 175.889, "min_x": -18.3605, "min_y": -38.933, "min_z": -86.4079, "size_x": 36.7211, "size_y": 77.866, "size_z": 172.816, "symmetries_discrete": [[-0.999633, 0.026679, 0.00479336, -0.262139, -0.0266744, -0.999644, 0.00100504, -0.197966, 0.00481847, 0.000876815, 0.999988, 0.0321652, 0, 0, 0, 1]]},
  "12": {"diameter": 145.543, "min_x": -50.4439, "min_y": -54.2485, "min_z": -45.4, "size_x": 100.888, "size_y": 108.497, "size_z": 90.8}
}